{
	"IcoMoonType": "selection",
	"icons": [
		{
			"icon": {
				"paths": [
					"M-0.001 575.827h792.834l-195.121 216.228 88.915 91.18 338.375-372.538-338.375-369.932-88.915 91.18 195.121 213.623h-792.834v130.258z"
				],
				"attrs": [],
				"isMulticolor": false,
				"width": 1025,
				"grid": 32,
				"tags": [
					"forward"
				]
			},
			"attrs": [],
			"properties": {
				"order": 26,
				"id": 28,
				"prevSize": 32,
				"code": 73,
				"name": "Forward"
			},
			"setIdx": 0,
			"setId": 1,
			"iconIdx": 0
		},
		{
			"icon": {
				"paths": [
					"M576.327 1024.501v-792.834l216.228 195.121 91.18-88.915-372.538-338.375-369.932 338.375 91.18 88.915 213.623-195.121v792.834h130.258z"
				],
				"attrs": [],
				"isMulticolor": false,
				"width": 1025,
				"grid": 32,
				"tags": [
					"up"
				]
			},
			"attrs": [],
			"properties": {
				"order": 27,
				"id": 29,
				"prevSize": 32,
				"code": 72,
				"name": "Up"
			},
			"setIdx": 0,
			"setId": 1,
			"iconIdx": 1
		},
		{
			"icon": {
				"paths": [
					"M1025.001 448.173h-792.834l195.121-216.228-88.915-91.18-338.375 372.538 338.375 369.932 88.915-91.18-195.121-213.623h792.834v-130.258z"
				],
				"attrs": [],
				"isMulticolor": false,
				"width": 1025,
				"grid": 32,
				"tags": [
					"back"
				]
			},
			"attrs": [],
			"properties": {
				"order": 28,
				"id": 30,
				"prevSize": 32,
				"code": 75,
				"name": "Back"
			},
			"setIdx": 0,
			"setId": 1,
			"iconIdx": 2
		},
		{
			"icon": {
				"paths": [
					"M448.673-0.501v792.834l-216.228-195.121-91.18 88.915 372.538 338.375 369.932-338.375-91.18-88.915-213.623 195.121v-792.834h-130.258z"
				],
				"attrs": [],
				"isMulticolor": false,
				"width": 1025,
				"grid": 32,
				"tags": [
					"down"
				]
			},
			"attrs": [],
			"properties": {
				"order": 29,
				"id": 27,
				"prevSize": 32,
				"code": 74,
				"name": "Down"
			},
			"setIdx": 0,
			"setId": 1,
			"iconIdx": 3
		},
		{
			"icon": {
				"paths": [
					"M0 512c0 282.194 229.23 512 512 512 282.194 0 512-229.23 512-512 0-282.194-229.064-512-511.629-512h-0.742c-282.584 0-511.629 229.23-511.629 512zM405.419 759.732l-210.281-207.142 56.493-56.493 153.787 152.218 386.038-389.176 56.493 54.924-442.531 445.67z"
				],
				"attrs": [],
				"isMulticolor": false,
				"grid": 32,
				"tags": [
					"tick2"
				],
				"colorPermutations": {}
			},
			"attrs": [],
			"properties": {
				"order": 23,
				"id": 22,
				"prevSize": 32,
				"code": 70,
				"name": "TickRound"
			},
			"setIdx": 0,
			"setId": 1,
			"iconIdx": 4
		},
		{
			"icon": {
				"paths": [
					"M512 0c-281.6 0-512 230.4-512 512s230.4 512 512 512c281.6 0 512-230.4 512-512s-230.4-512-512-512v0zM848 707.2l-134.4 134.4-198.4-198.4-198.4 198.4-134.4-134.4 198.4-198.4-198.4-198.4 134.4-134.4 198.4 198.4 198.4-198.4 134.4 134.4-198.4 198.4 198.4 198.4z"
				],
				"attrs": [],
				"isMulticolor": false,
				"grid": 32,
				"tags": [
					"cancel"
				],
				"colorPermutations": {}
			},
			"attrs": [],
			"properties": {
				"order": 22,
				"id": 21,
				"prevSize": 32,
				"code": 71,
				"name": "CrossRound"
			},
			"setIdx": 0,
			"setId": 1,
			"iconIdx": 5
		},
		{
			"icon": {
				"paths": [
					"M512 768l-512-512h1024l-512 512z"
				],
				"attrs": [],
				"isMulticolor": false,
				"width": 1024,
				"grid": 32,
				"tags": [
					"drop"
				],
				"colorPermutations": {}
			},
			"attrs": [],
			"properties": {
				"order": 19,
				"id": 20,
				"prevSize": 32,
				"code": 69,
				"name": "Drop"
			},
			"setIdx": 0,
			"setId": 1,
			"iconIdx": 6
		},
		{
			"icon": {
				"paths": [
					"M351.926 89.054v266.004h-270.715v-266.004h270.715zM368.168 9.253h-303.2c-35.193 0-64.971 29.26-64.971 63.841v295.264c0 34.581 29.779 63.841 64.971 63.841h300.493c35.193 0 64.971-29.26 64.971-63.841v-295.264c2.707-34.581-27.072-63.841-62.265-63.841v0 0z",
					"M944.79 89.054v266.004h-270.715v-266.004h270.715zM958.326 9.253h-300.493c-35.193 0-64.971 29.26-64.971 63.841v295.264c0 34.581 29.779 63.841 64.971 63.841h300.493c35.193 0 64.971-29.26 64.971-63.841v-295.264c2.707-34.581-27.072-63.841-64.971-63.841v0 0z",
					"M351.926 671.602v266.004h-270.715v-266.004h270.715zM368.168 591.801h-303.2c-35.193 0-64.971 29.26-64.971 63.841v295.264c0 34.581 29.779 63.841 64.971 63.841h300.493c35.193 0 64.971-29.26 64.971-63.841v-295.264c2.707-37.24-27.072-63.841-62.265-63.841v0 0z",
					"M944.79 671.602v266.004h-270.715v-266.004h270.715zM958.326 591.801h-300.493c-35.193 0-64.971 29.26-64.971 63.841v295.264c0 34.581 29.779 63.841 64.971 63.841h300.493c35.193 0 64.971-29.26 64.971-63.841v-295.264c2.707-37.24-27.072-63.841-64.971-63.841v0 0z"
				],
				"attrs": [],
				"isMulticolor": false,
				"width": 1026,
				"grid": 32,
				"tags": [
					"grid"
				],
				"colorPermutations": {}
			},
			"attrs": [],
			"properties": {
				"order": 18,
				"id": 18,
				"prevSize": 32,
				"code": 67,
				"name": "Grid"
			},
			"setIdx": 0,
			"setId": 1,
			"iconIdx": 7
		},
		{
			"icon": {
				"paths": [
					"M240.629 73.26h641.69v131.36h-641.69v-131.36z",
					"M240.629 320.216h775.375v131.36h-775.375v-131.36z",
					"M240.629 572.425h489.289v131.36h-489.289v-131.36z",
					"M240.629 819.38h775.375v131.36h-775.375v-131.36z",
					"M-0.004 73.26h128.338v131.36h-128.338v-131.36z",
					"M-0.004 320.216h128.338v131.36h-128.338v-131.36z",
					"M-0.004 572.425h128.338v131.36h-128.338v-131.36z",
					"M-0.004 819.38h128.338v131.36h-128.338v-131.36z"
				],
				"attrs": [],
				"isMulticolor": false,
				"width": 1016,
				"grid": 32,
				"tags": [
					"list"
				],
				"colorPermutations": {}
			},
			"attrs": [],
			"properties": {
				"order": 17,
				"id": 17,
				"prevSize": 32,
				"code": 68,
				"name": "List"
			},
			"setIdx": 0,
			"setId": 1,
			"iconIdx": 8
		},
		{
			"icon": {
				"paths": [
					"M666.244 808.79c0 0-110.806 107.602-163.182 107.602-52.378 0-167.179-103.955-167.179-103.955-314.298 103.955-327.569 211.563-327.569 211.563h1002.704c-95.365-155.077-344.774-215.209-344.774-215.209z",
					"M258.017 686.884v37.946h68.12c0 0-52.987 41.749 0 41.749 12.688 0 37.614 0.874 68.226 1.983 28.885 28.225 68.331 53.961 116.266 53.961 45.799 0 83.93-23.5 112.502-50.199 18.061-1 30.021-2.788 32.24-5.744 11.349-15.187 79.476-22.779 79.476-22.779l71.892-56.917v-17.491c0 0 60.553-16.657 60.553-35.633 0-18.988-75.694-11.396-49.204-132.821 26.489-121.444 18.922-284.621-68.11-356.732-87.042-72.101-181.651-144.207-257.333-79.687 0 0-64.338-60.727-147.586 18.97-83.259 79.687-200.924 322.558-170.291 459.189 9.146 40.825-22.715 22.769-22.715 22.769s37.848 121.444 75.694 121.444h30.272z"
				],
				"attrs": [],
				"isMulticolor": false,
				"width": 1019,
				"grid": 32,
				"tags": [
					"Female"
				],
				"colorPermutations": {}
			},
			"attrs": [],
			"properties": {
				"order": 15,
				"id": 16,
				"prevSize": 32,
				"code": 65,
				"name": "Female"
			},
			"setIdx": 0,
			"setId": 1,
			"iconIdx": 9
		},
		{
			"icon": {
				"paths": [
					"M714.796 552.927c58.004-26.74 47.134-113.467 49.053-140.924 1.921-27.468-12.29-30.9-12.29-30.9 27.652-89.269-16.235-267.438-16.235-267.438l-56.386-10.667c-65.697-102.997-252.406-75.529-252.406-75.529v20.592c0 0-100.273 24.037-155.599 82.405s-10.381 260.932-10.381 260.932c-31.109 6.864-10.37 102.997-10.37 130.466s34.576 37.765 34.576 37.765c3.457 72.098 92.174 157.865 92.174 157.865s39.814 61.246 126.75 61.246c160.639 0 211.114-225.814 211.114-225.814z",
					"M689.934 780.784c0 0 284.014-8.158 284.014 243.216h-935.266c0 0-31.631-243.252 274.191-239.103 0 0 131.032 117.488 190.805 117.488s186.254-121.602 186.254-121.602z"
				],
				"attrs": [],
				"isMulticolor": false,
				"width": 1029,
				"grid": 32,
				"tags": [
					"Male"
				],
				"colorPermutations": {}
			},
			"attrs": [],
			"properties": {
				"order": 16,
				"id": 15,
				"prevSize": 32,
				"code": 66,
				"name": "Male"
			},
			"setIdx": 0,
			"setId": 1,
			"iconIdx": 10
		},
		{
			"icon": {
				"paths": [
					"M0 583.111h1024v-142.222h-1024v142.222z",
					"M0 322.371h1024v-142.222h-1024v142.222z",
					"M0 843.852h1024v-142.222h-1024v142.222z"
				],
				"attrs": [],
				"isMulticolor": false,
				"width": 1024,
				"grid": 32,
				"tags": [
					"hamburger"
				],
				"colorPermutations": {}
			},
			"attrs": [],
			"properties": {
				"order": 5,
				"id": 14,
				"prevSize": 32,
				"name": "Hamburger",
				"code": 48
			},
			"setIdx": 0,
			"setId": 1,
			"iconIdx": 11
		},
		{
			"icon": {
				"paths": [
					"M786.381 190.11v-124.505c0-32.916-27.201-59.855-60.436-59.855v0c-33.245 0-60.436 26.939-60.436 59.855v124.505c0 32.926 27.191 59.855 60.436 59.855v0c33.235 0 60.436-26.929 60.436-59.855v0zM358.479 190.11v-124.505c0-32.916-27.191-59.855-60.436-59.855v0c-33.235 0-60.436 26.939-60.436 59.855v124.505c0 32.926 27.201 59.855 60.436 59.855v0c33.245 0 60.436-26.929 60.436-59.855v0zM974.29 351.636c-0.557 0.030-1.074 0.158-1.64 0.158h-921.312c-0.557 0-1.084-0.128-1.63-0.158v588.672c0 15.833 13.004 28.711 28.98 28.711h866.612c15.976 0 28.99-12.879 28.99-28.711v-588.672zM1023.999 200.192v740.116c0 42.988-35.313 77.942-78.699 77.942h-866.612c-43.396 0-78.689-34.954-78.689-77.942v-740.116c0-42.978 35.293-77.942 78.689-77.942h129.094v67.86c0 49.29 40.493 89.393 90.261 89.393 49.778 0 90.261-40.103 90.261-89.393v-67.86h247.381v67.86c0 49.29 40.493 89.393 90.261 89.393s90.261-40.103 90.261-89.393v-67.86h129.094c43.386 0 78.699 34.964 78.699 77.942v0zM574.851 873.62v-99.594c0-6.843-5.657-12.455-12.576-12.455h-100.561c-6.919 0-12.576 5.612-12.576 12.455v99.594c0 6.853 5.657 12.455 12.576 12.455h100.561c6.919 0 12.576-5.602 12.576-12.455v0zM404.24 873.62v-99.594c0-6.843-5.657-12.455-12.576-12.455h-100.551c-6.919 0-12.576 5.612-12.576 12.455v99.594c0 6.853 5.657 12.455 12.576 12.455h100.551c6.919 0 12.576-5.602 12.576-12.455v0zM233.64 873.62v-99.594c0-6.843-5.667-12.455-12.576-12.455h-100.561c-6.919 0-12.576 5.612-12.576 12.455v99.594c0 6.853 5.657 12.455 12.576 12.455h100.561c6.91 0 12.576-5.602 12.576-12.455v0zM916.061 708.844v-99.584c0-6.853-5.657-12.455-12.576-12.455h-100.551c-6.919 0-12.586 5.602-12.586 12.455v99.584c0 6.853 5.667 12.455 12.586 12.455h100.551c6.919 0 12.576-5.602 12.576-12.455v0zM745.461 708.844v-99.584c0-6.853-5.667-12.455-12.586-12.455h-100.551c-6.919 0-12.576 5.602-12.576 12.455v99.584c0 6.853 5.657 12.455 12.576 12.455h100.551c6.919 0 12.586-5.602 12.586-12.455v0zM574.851 708.844v-99.584c0-6.853-5.657-12.455-12.576-12.455h-100.561c-6.919 0-12.576 5.602-12.576 12.455v99.584c0 6.853 5.657 12.455 12.576 12.455h100.561c6.919 0 12.576-5.602 12.576-12.455v0zM404.24 708.844v-99.584c0-6.853-5.657-12.455-12.576-12.455h-100.551c-6.919 0-12.576 5.602-12.576 12.455v99.584c0 6.853 5.657 12.455 12.576 12.455h100.551c6.919 0 12.576-5.602 12.576-12.455v0zM233.64 708.844v-99.584c0-6.853-5.667-12.455-12.576-12.455h-100.561c-6.919 0-12.576 5.602-12.576 12.455v99.584c0 6.853 5.657 12.455 12.576 12.455h100.561c6.91 0 12.576-5.602 12.576-12.455v0zM916.061 546.393v-99.584c0-6.853-5.657-12.455-12.576-12.455h-100.551c-6.919 0-12.586 5.602-12.586 12.455v99.584c0 6.853 5.667 12.465 12.586 12.465h100.551c6.919 0 12.576-5.612 12.576-12.465v0zM745.461 546.393v-99.584c0-6.853-5.667-12.455-12.586-12.455h-100.551c-6.919 0-12.576 5.602-12.576 12.455v99.584c0 6.853 5.657 12.465 12.576 12.465h100.551c6.919 0 12.586-5.612 12.586-12.465v0zM574.851 546.393v-99.584c0-6.853-5.657-12.455-12.576-12.455h-100.561c-6.919 0-12.576 5.602-12.576 12.455v99.584c0 6.853 5.657 12.465 12.576 12.465h100.561c6.919 0 12.576-5.612 12.576-12.465v0zM404.24 546.393v-99.584c0-6.853-5.657-12.455-12.576-12.455h-100.551c-6.919 0-12.576 5.602-12.576 12.455v99.584c0 6.853 5.657 12.465 12.576 12.465h100.551c6.919 0 12.576-5.612 12.576-12.465v0zM221.064 558.858h-100.561c-6.919 0-12.576-5.612-12.576-12.465v-99.584c0-6.853 5.657-12.455 12.576-12.455h100.561c6.91 0 12.576 5.602 12.576 12.455v99.584c0 6.853-5.667 12.465-12.576 12.465v0z"
				],
				"attrs": [],
				"isMulticolor": false,
				"grid": 32,
				"tags": [
					"calendar"
				],
				"colorPermutations": {}
			},
			"attrs": [],
			"properties": {
				"order": 7,
				"id": 12,
				"prevSize": 32,
				"name": "Calendar",
				"code": 50
			},
			"setIdx": 0,
			"setId": 1,
			"iconIdx": 12
		},
		{
			"icon": {
				"paths": [
					"M824.799 705.592c-58.483-61.134-137.307-48.398-195.79-106.985-17.799-17.831-25.427-38.209-22.885-58.587 43.226-40.756 73.739-104.438 83.909-180.856 2.542-2.547 2.542-2.547 5.086-5.095 7.628-15.284 15.257-58.587 0-104.438 2.542-22.925 2.542-53.493-5.086-81.512-2.542-10.189-15.257-58.587-15.257-58.587-33.056-112.080-183.076-104.438-183.076-104.438-203.418 5.095-203.418 183.403-193.247 264.915-5.086 45.851 5.086 81.512 17.799 94.249 2.542 2.547 5.086 5.095 7.628 5.095 12.713 73.871 45.769 137.552 88.995 173.214-2.542 96.796-78.825 99.343-177.991 150.289-119.508 61.134-139.85 328.597-139.85 328.597h828.927c0-76.418-40.684-254.726-99.166-315.861v0z"
				],
				"attrs": [],
				"isMulticolor": false,
				"width": 1019,
				"grid": 32,
				"tags": [
					"contact"
				],
				"colorPermutations": {}
			},
			"attrs": [],
			"properties": {
				"order": 8,
				"id": 11,
				"prevSize": 32,
				"name": "Contact",
				"code": 51
			},
			"setIdx": 0,
			"setId": 1,
			"iconIdx": 13
		},
		{
			"icon": {
				"paths": [
					"M337.271 1000.377l-277.866-935.067c0 0 20.027-40.655 60.080-20.328l20.027 40.655c0 0 200.264-101.637 342.952 0s302.9-22.869 302.9-22.869l175.231 515.812c0 0-230.304 129.588-415.547-27.95-127.669-106.72-242.82 20.328-242.82 20.328l117.655 406.551c0 0-15.020 30.491-82.609 22.869v0z"
				],
				"attrs": [],
				"isMulticolor": false,
				"width": 1020,
				"grid": 32,
				"tags": [
					"flag"
				],
				"colorPermutations": {}
			},
			"attrs": [],
			"properties": {
				"order": 9,
				"id": 9,
				"prevSize": 32,
				"name": "Flag",
				"code": 52
			},
			"setIdx": 0,
			"setId": 1,
			"iconIdx": 14
		},
		{
			"icon": {
				"paths": [
					"M784.726 235.719v586.309h69.057v168.722h163.225v-755.031h-232.281zM933.302 741.884h-98.354v-99.124h98.354v99.124zM933.302 581.598h-98.354v-99.124h98.354v99.124zM933.302 423.422h-98.354v-99.124h98.354v99.124z",
					"M-0.007 433.967v554.673h163.225v-168.722h69.057v-385.951h-232.281zM85.791 642.76h98.354v99.124h-98.354v-99.124zM85.791 482.474h98.354v99.124h-98.354c0 0 0-99.124 0-99.124v0z",
					"M265.756 26.925v970.151h188.336v-189.812h104.631v189.812h188.336v-970.151h-481.303zM475.019 722.904h-104.631v-105.451h104.631v105.451zM475.019 533.091h-104.631v-105.451h104.631v105.451zM475.019 364.369h-104.631v-105.451h104.631v105.451zM475.019 153.467v42.18h-20.926v-105.451h20.926v42.18h62.778v-42.18h20.926v105.451h-20.926v-42.18h-62.778zM642.428 722.904h-104.631v-105.451h104.631v105.451zM642.428 533.091h-104.631v-105.451h104.631v105.451zM642.428 364.369h-104.631v-105.451h104.631v105.451z"
				],
				"attrs": [],
				"isMulticolor": false,
				"width": 1017,
				"grid": 32,
				"tags": [
					"hospital"
				],
				"colorPermutations": {}
			},
			"attrs": [],
			"properties": {
				"order": 10,
				"id": 7,
				"prevSize": 32,
				"name": "Hospital",
				"code": 53
			},
			"setIdx": 0,
			"setId": 1,
			"iconIdx": 15
		},
		{
			"icon": {
				"paths": [
					"M902.019 123.167h-795.316v502.172c27.931-47.279 48.542-86.147 72.906-122.523 37.025-55.264 75.193-109.897 115.698-162.619 25.132-32.725 58.745-32.828 89.815-7.132 22.829 18.87 44.942 39.447 63.71 62.277 40.403 49.121 78.434 100.189 122.215 156.613 17.404-20.014 31.36-40.216 49.259-55.913 70.995-62.259 98.79-61.611 165.639 4.982 38.544 38.389 74.51 79.39 116.073 123.974v-501.831zM503.5 8.696c133.613 0 267.227-0.239 400.84 0.085 69.937 0.171 110.819 40.95 110.869 110.887 0.239 267.227 0.239 534.437 0 801.664-0.051 69.937-40.932 110.819-110.869 110.887-267.227 0.239-534.453 0.239-801.681 0-69.937-0.068-110.819-40.95-110.869-110.887-0.239-267.227-0.239-534.437 0-801.664 0.051-69.937 40.932-110.716 110.869-110.887 133.613-0.324 267.227-0.085 400.84-0.085v0z",
					"M800.311 267.166c-0.443 38.952-35.387 72.412-74.783 71.593-40.249-0.819-71.183-34.158-69.75-75.176 1.382-39.515 31.906-69.17 71.201-69.152 40.198 0 73.776 33.305 73.333 72.735z"
				],
				"attrs": [],
				"isMulticolor": false,
				"grid": 32,
				"tags": [
					"photo"
				],
				"colorPermutations": {}
			},
			"attrs": [],
			"properties": {
				"order": 11,
				"id": 6,
				"prevSize": 32,
				"name": "Photo",
				"code": 54
			},
			"setIdx": 0,
			"setId": 1,
			"iconIdx": 16
		},
		{
			"icon": {
				"paths": [
					"M278.567 353.525h465.262v39.009h-465.262v-39.009z",
					"M278.567 472.991h465.262v39.009h-465.262v-39.009z",
					"M278.567 590.019h465.262v39.009h-465.262v-39.009z",
					"M278.567 709.485h465.262v39.009h-465.262v-39.009z",
					"M278.567 826.514h465.262v39.009h-465.262v-39.009z",
					"M880.53 243.81l-266.207-231.619c-7.194-7.314-16.787-12.19-28.779-12.19h-417.296c-23.983 0-45.567 19.505-45.567 46.324v931.351c0 24.381 19.186 46.324 45.567 46.324h683.503c23.983 0 45.567-19.505 45.567-46.324v-699.732c0-14.628-4.797-26.819-16.787-34.134v0zM825.37 950.857h-630.741v-877.713h381.323l2.398 2.438v214.552h247.020v660.723z"
				],
				"attrs": [],
				"isMulticolor": false,
				"width": 1020,
				"grid": 32,
				"tags": [
					"sheet"
				],
				"colorPermutations": {}
			},
			"attrs": [],
			"properties": {
				"order": 12,
				"id": 3,
				"prevSize": 32,
				"name": "Sheet",
				"code": 55
			},
			"setIdx": 0,
			"setId": 1,
			"iconIdx": 17
		},
		{
			"icon": {
				"paths": [
					"M510.051 79.666c-110.575 34.193-218.167 66.741-324.944 101.848-8.882 2.926-16.998 23.022-17.405 35.407-1.842 56.684 2.135 113.651-1.385 170.167-9.175 147.246 41.508 270.986 136.633 378.335 59.092 66.69 125.877 123.575 207.101 169.221v-854.979zM926.176 326.848c-6.536 75.567-4.905 153.014-21.3 226.27-33.083 147.761-122.39 263.405-238.896 351.174-180.113 135.709-127.377 135.709-307.507-0.017-116.491-87.769-202.684-204.112-239.923-350.958-9.061-35.772-12.973-73.672-13.771-110.725-1.956-89.93 0.049-179.959-1.141-269.939-0.326-24.302 6.095-36.787 30.557-44.018 119.815-35.423 238.962-73.124 358.63-109.029 12.011-3.607 26.841-3.607 38.852 0 118.348 35.573 236.093 73.307 354.718 107.866 27.998 8.162 35.755 21.443 34.582 49.386-2.086 49.753-0.586 99.654-0.586 149.49 1.923 0.167 3.862 0.332 5.786 0.499v0z"
				],
				"attrs": [],
				"isMulticolor": false,
				"width": 1029,
				"grid": 32,
				"tags": [
					"shield"
				],
				"colorPermutations": {}
			},
			"attrs": [],
			"properties": {
				"order": 13,
				"id": 2,
				"prevSize": 32,
				"name": "Shield",
				"code": 56
			},
			"setIdx": 0,
			"setId": 1,
			"iconIdx": 18
		},
		{
			"icon": {
				"paths": [
					"M329.846 911.754l-329.846-330.831 88.615-90.227 241.231 243.111 605.539-621.562 88.615 87.72-694.155 711.788z"
				],
				"attrs": [],
				"isMulticolor": false,
				"width": 1024,
				"grid": 32,
				"tags": [
					"tick"
				],
				"colorPermutations": {}
			},
			"attrs": [],
			"properties": {
				"order": 14,
				"id": 1,
				"prevSize": 32,
				"name": "Tick",
				"code": 57
			},
			"setIdx": 0,
			"setId": 1,
			"iconIdx": 19
		}
	],
	"height": 1024,
	"metadata": {
		"name": "ZipwireDataServicesV1",
		"license": "UNLICENSED"
	},
	"preferences": {
		"showGlyphs": true,
		"showQuickUse": true,
		"showQuickUse2": true,
		"showSVGs": true,
		"fontPref": {
			"prefix": "icon",
			"metadata": {
				"fontFamily": "ZipwireDataServicesV1",
				"majorVersion": 1,
				"minorVersion": 0,
				"license": "UNLICENSED"
			},
			"metrics": {
				"emSize": 1024,
				"baseline": 6.25,
				"whitespace": 50
			},
			"embed": false,
			"noie8": true,
			"ie7": false,
			"showSelector": true,
			"showMetrics": true,
			"showMetadata": true,
			"showVersion": true
		},
		"imagePref": {
			"prefix": "icon-",
			"png": true,
			"useClassSelector": true,
			"color": 0,
			"bgColor": 16777215,
			"classSelector": ".icon"
		},
		"historySize": 100,
		"showCodes": true,
		"gridSize": 16,
		"showGrid": true,
		"showLiga": false
	}
}